bin_lcoe,km2
0,44681.77774310916
1,64134.24528039346
2,39482.84343948709
3,19143.236329415544
4,5916.717311778133
