bin_lcoe,km2
0,31763.668304404608
1,20748.657964312366
2,11281.659237090205
3,1719.6603950954498
4,531.4536837626647
