bin_lcoe,km2
0,49367.70056366461
1,53137.22721411646
2,45547.21562683459
3,19426.637407391965
4,4096.475409707055
