bin_lcoe,km2
0,56050.46349623618
1,64587.28352121792
2,29526.23956493679
3,20030.726515491737
4,5166.381884776201
