bin_lcoe,km2
0,5801.507604154143
1,9658.703595482439
2,2695.9194161428795
3,1040.579892781855
4,176.83798503309808
