bin_lcoe,km2
0,39351.27892407949
1,53628.907629094036
2,50340.061647559356
3,27950.503863545848
4,5053.696668251834
