bin_lcoe,km2
0,54702.22796744052
1,25628.623919728863
2,12944.242201293291
3,5181.3233959738745
4,1659.9243893149412
