bin_lcoe,km2
0,5376.011434104095
1,6503.587382527983
2,5453.282485012023
3,2889.336739594563
4,996.9946056674638
