bin_lcoe,km2
0,84446.12825306699
1,51235.694834892776
2,29632.824179688178
3,16322.460652908654
4,3669.3042202391093
