bin_lcoe,km2
0,3952.4446590368625
1,4784.366857059221
2,2112.731596054714
3,1213.084134779371
4,453.39290314723985
