bin_lcoe,km2
0,47780.96357594006
1,33899.443279682986
2,26071.384996345223
3,14160.840974557022
4,4878.163581495529
