bin_lcoe,km2
0,263197.7577815141
1,221880.72466989426
2,121467.75037158308
3,34060.576650577656
4,8060.28760602932
