bin_lcoe,km2
0,2171.0483575544636
1,2643.328685848695
2,1791.6148695176712
3,825.538652465057
4,548.0433376526516
