bin_lcoe,km2
0,38605.78662114578
1,34296.069042837255
2,17312.93303832061
3,6022.754212049214
4,1246.2673380111912
