bin_lcoe,km2
0,15735.381475907034
1,39035.65679785324
2,33490.50198540744
3,21748.31581470876
4,8548.18026735652
