bin_lcoe,km2
0,26141.19566249948
1,37961.418816134435
2,23665.155603356372
3,12082.882687796917
4,4184.104568931577
