bin_lcoe,km2
0,95354.56657777405
1,56042.31332895486
2,29890.272976854634
3,21017.147464002253
4,4798.74288294262
