bin_lcoe,km2
0,39694.85871413518
1,57723.94643468025
2,36858.041459239495
3,7480.213521714179
4,901.3213129600603
