bin_lcoe,km2
0,37245.91264801331
1,26489.49575579508
2,19705.518228173376
3,9543.026658485358
4,1774.7119387147543
