bin_lcoe,km2
0,51316.03156809931
1,61083.42477010997
2,47549.38155550838
3,38978.451299389955
4,10873.86810782056
