bin_lcoe,km2
0,27649.810376913083
1,56314.897753200625
2,34701.1427150604
3,10177.292142718916
4,2213.7282536933526
