bin_lcoe,km2
0,9252.41145873181
1,24169.25325053961
2,28265.88616670678
3,21798.213986083814
4,6138.360837951092
