bin_lcoe,km2
0,28456.381277683606
1,42114.87572760892
2,29309.568046488777
3,19160.602809104825
4,4644.827123764619
