bin_lcoe,km2
0,10708.061296625232
1,26938.278354781676
2,15263.12318416208
3,5144.792744850992
4,1847.5050484684407
