bin_lcoe,km2
0,55298.23911063849
1,32873.14988226818
2,19719.6824173575
3,5771.870449827119
4,1041.7705072304946
