bin_lcoe,km2
0,408.87624311066963
1,589.7313953727737
2,554.8583537047016
3,156.91740923227164
4,4.700056655471136
