bin_lcoe,km2
0,73107.46523291187
1,51863.21173475286
2,45934.091273149366
3,20374.579072788325
4,6513.835538674756
