bin_lcoe,km2
0,75.83960444876114
1,821.6587882244977
2,1514.4314429674243
3,1295.2333839075948
4,82.68451247525208
