bin_lcoe,km2
0,1800.7736644666063
1,6275.1797925204855
2,1403.8278344331522
3,835.5047548812619
4,100.23190839869844
