bin_lcoe,km2
0,29904.084084631377
1,50367.083666516395
2,51968.82770404496
3,19702.914970433914
4,5497.443782881501
