bin_lcoe,km2
0,30050.885331845348
1,35331.67121784295
2,25904.18685556141
3,13449.680465807322
4,4755.062387873856
