bin_lcoe,km2
0,49633.84714463905
1,65197.74782958017
2,49532.05336819203
3,16119.949349004908
4,1062.5352144180792
