bin_lcoe,km2
0,32350.530107865947
1,44164.23286420563
2,38183.93496499363
3,10729.386026106838
4,3266.6098104139855
