bin_lcoe,km2
0,32906.95464955204
1,49164.93587242066
2,33669.608517257
3,14614.079288430876
4,3775.128313168534
