bin_lcoe,km2
0,19842.1579806835
1,43360.24479547442
2,39366.039679379806
3,19200.075023857058
4,3266.7332878707043
