bin_lcoe,km2
0,21384.176680903827
1,29409.09867586986
2,18164.71095465313
3,6185.993877050227
4,1146.689276704323
