bin_lcoe,km2
0,17805.082974429853
1,58374.32027255852
2,36463.86846834476
3,13936.15546141632
4,5274.949974500779
