bin_lcoe,km2
0,23323.591534269657
1,36606.393866406346
2,18853.249865679853
3,9875.264960884668
4,3478.3281293140813
