bin_lcoe,km2
0,74614.6091496552
1,82514.86327598304
2,68169.47312591807
3,34913.27542566245
4,7131.220314117453
