bin_lcoe,km2
0,42430.37033645284
1,29903.771011990975
2,13651.98720670042
3,7698.162707822443
4,2544.4620544368536
