bin_lcoe,km2
0,152873.9170490254
1,85622.43482000135
2,25077.154554996967
3,7744.5926241694415
4,1116.6388190548018
