bin_lcoe,km2
0,36065.55233244268
1,34131.57191274973
2,18959.490496365543
3,7951.836594249577
4,1844.5201224518923
