bin_lcoe,km2
0,66569.28616833464
1,71241.08007084922
2,38233.802520411395
3,9414.5370988074
4,1244.0222631074303
