bin_lcoe,km2
0,31620.14526816554
1,26320.752143758105
2,18675.05818998232
3,8520.843182088569
4,1497.300347549593
