bin_lcoe,km2
0,34384.65337046928
1,56539.70205329409
2,50235.18608865209
3,33097.29933645548
4,13316.640486538447
