bin_lcoe,km2
0,7105.634143822986
1,5818.032080487845
2,3597.838746130929
3,2298.1983872525266
4,474.60352545745116
