bin_lcoe,km2
0,90121.89491711186
1,93608.7525585855
2,47559.168890412955
3,19675.225650807384
4,3471.1975123609263
