bin_lcoe,km2
0,536240.5353082505
1,412006.9545657224
2,293250.1703707716
3,154904.19541256686
4,36231.30221097173
