bin_lcoe,km2
0,161092.93907093068
1,181369.71225657023
2,103182.47424822499
3,39637.77312046277
4,11606.217679818737
