bin_lcoe,km2
0,161650.080800749
1,139594.2608643102
2,76106.17883665205
3,21841.297547680588
4,3467.4539389830024
