bin_lcoe,km2
0,273579.75827309635
1,222505.69950153067
2,111373.61078560555
3,33141.73656920776
4,8066.291950158011
