bin_lcoe,km2
0,307151.9636415335
1,284772.5432254787
2,218534.01831160818
3,92314.56817006691
4,18396.582858237267
