bin_lcoe,km2
0,156504.74811387254
1,219445.26469060485
2,110932.07237102682
3,30556.863829080427
4,9026.121199375719
