bin_lcoe,km2
0,4906.934947650438
1,22704.161676080414
2,33753.282502677604
3,24341.09621336854
4,8974.242196850117
