bin_lcoe,km2
0,69975.0635509398
1,144968.08134999516
2,90188.39073753677
3,32255.799988512263
4,6563.7308766132155
