bin_lcoe,km2
0,107727.04084430545
1,63014.415127403205
2,28345.924447726185
3,10210.432886101491
4,3195.6911648536134
