bin_lcoe,km2
0,319554.77996832837
1,349570.1607529145
2,213466.6862333814
3,83987.50636885448
4,19756.173943058835
