bin_lcoe,km2
0,371401.255840511
1,481835.89796534
2,344287.7360802135
3,200741.3720483326
4,72254.64131116432
