bin_lcoe,km2
0,15912.583677763307
1,28526.12707128631
2,26989.245000649407
3,18799.618458539957
4,6352.115852048271
