bin_lcoe,km2
0,137118.4570765946
1,135781.70198018043
2,86189.99967554113
3,44346.33725499021
4,11262.46438832061
