bin_lcoe,km2
0,98214.87399758387
1,133438.334673324
2,156452.72493387322
3,105025.87412224748
4,40345.80520359879
