bin_lcoe,km2
0,117224.88285561989
1,195350.641116223
2,140630.9958288387
3,74129.34022100447
4,23544.26555972292
