bin_lcoe,km2
0,40104.76152015766
1,97251.12055987919
2,112759.53395570136
3,82370.53550161379
4,26738.7978495468
