bin_lcoe,km2
0,55377.22446666109
1,86739.47202725371
2,72138.45785450339
3,39890.26521341633
4,19712.51859026259
