bin_lcoe,km2
0,76127.32905548593
1,143010.08758213962
2,203382.71056336263
3,168146.60930901187
4,59577.307124665036
