bin_lcoe,km2
0,445160.53314288077
1,329112.989577055
2,174928.38192858506
3,62412.64903699025
4,27900.331007776116
