bin_lcoe,km2
0,244496.5990856682
1,259822.8429180342
2,216157.99809015062
3,170742.07181160545
4,68432.08128701606
