bin_lcoe,km2
0,329194.3577269864
1,352178.4679308986
2,204692.68209931062
3,80692.0052733014
4,19577.794236039008
