bin_lcoe,km2
0,173015.20009429916
1,179441.4364893448
2,95518.12529924765
3,37509.84435955699
4,11404.510133559024
