bin_lcoe,km2
0,556211.4549498253
1,407031.9069311045
2,283601.69306358177
3,151888.78056757536
4,33899.322356194025
