bin_lcoe,km2
0,121503.31332988087
1,58380.85745631453
2,22874.88339941027
3,7425.671395824459
4,2308.778888959544
