bin_lcoe,km2
0,70241.77832187456
1,144109.5976111071
2,91812.9651015367
3,31358.106715856633
4,6428.618753222075
