bin_lcoe,km2
0,4602.867715766174
1,21588.846570133283
2,35007.75581413994
3,24724.72046204279
4,8755.526974544913
