bin_lcoe,km2
0,174260.4420128674
1,140827.92334643728
2,68701.44636143016
3,16807.59559776375
4,2061.864669876523
