bin_lcoe,km2
0,98172.81112358098
1,90300.09434857956
2,44969.06626296612
3,18238.47536676706
4,2755.792427385014
