bin_lcoe,km2
0,313896.90015830396
1,288723.51361754554
2,218454.0771309297
3,82002.59208371062
4,18092.593216435427
