bin_lcoe,km2
0,161042.98336791416
1,219486.78783586362
2,106197.42066879306
3,30681.92545009373
4,9055.952881295932
