bin_lcoe,km2
0,274959.56749475206
1,216459.97423664664
2,115113.08086410949
3,34195.56366893259
4,7938.910815158068
