bin_lcoe,km2
0,14351.281075253126
1,40158.739286517266
2,30710.001592720473
3,13904.40017832052
4,5573.228221044813
