bin_lcoe,km2
0,40773.868507919964
1,25978.523633657325
2,14865.219233665448
3,12662.954173246795
4,3554.511670628676
