bin_lcoe,km2
0,28182.043597778953
1,39369.96155032167
2,21702.00779430408
3,8352.367050802277
4,3277.5808208257095
