bin_lcoe,km2
0,10318.351158476979
1,28039.172497980504
2,41968.063688456416
3,31231.445963034614
4,13876.064890370453
