bin_lcoe,km2
0,17494.93801716096
1,30641.192637524247
2,46395.71028045649
3,30059.560730481884
4,7562.632794612067
