bin_lcoe,km2
0,17543.3982561152
1,28349.00683847198
2,30516.838648277557
3,13698.272737088197
4,6511.045090017768
