bin_lcoe,km2
0,48611.935013742004
1,30257.89393761818
2,15460.238199100948
3,17819.853006494504
4,17150.666542437946
