bin_lcoe,km2
0,24578.086722426044
1,44743.64996352944
2,36323.017307591195
3,27160.066614307314
4,10186.408576368893
