bin_lcoe,km2
0,34861.413391501315
1,35014.201874437604
2,31768.24468171609
3,20438.110466393864
4,9871.555580577628
