bin_lcoe,km2
0,33796.32018162736
1,47829.92440626705
2,58638.88780845165
3,36579.97586363591
4,11397.245961518533
