bin_lcoe,km2
0,8144.856269677934
1,16664.664305187
2,17368.024473094894
3,11731.391749557975
4,6044.116302008262
