bin_lcoe,km2
0,39569.882670586936
1,47101.72893388008
2,56014.431122042246
3,36466.3647799727
4,8090.619727319873
