bin_lcoe,km2
0,55751.71834531604
1,55899.95386691426
2,35822.72778709479
3,34732.139027532634
4,15859.072746163858
