bin_lcoe,km2
0,42867.76030316301
1,56385.157879828446
2,70333.01187453067
3,67660.22449008492
4,30698.80913189625
