bin_lcoe,km2
0,32175.18980323897
1,51977.785585527636
2,48753.22145918565
3,35888.619397389964
4,16782.91637111036
