bin_lcoe,km2
0,54812.90156078522
1,67207.63318025695
2,52636.30489268062
3,29802.128329027477
4,2820.307923911558
