bin_lcoe,km2
0,28919.996416773167
1,48314.7520807452
2,46326.55146405043
3,28425.540520101837
4,20075.88449560602
