bin_lcoe,km2
0,40607.63384964576
1,54831.63578400738
2,43599.09334348671
3,25011.894894158984
4,9680.830523110908
