bin_lcoe,km2
0,15900.951835305825
1,29177.31676983043
2,31994.91044477996
3,29721.75786316161
4,12351.021770405856
