bin_lcoe,km2
0,46396.53122317189
1,56770.14606238038
2,53057.61758219465
3,40110.23370054415
4,13856.436304696414
