bin_lcoe,km2
0,5870.493027735397
1,17066.92393695434
2,18455.962858944386
3,14863.071620497
4,10374.169413969987
