bin_lcoe,km2
0,1168.4713253516304
1,3328.837011237953
2,4796.063167386761
3,2510.091026226707
4,848.0264919128412
