bin_lcoe,km2
0,15560.822996232579
1,37939.13794440573
2,35410.769378283476
3,29243.104856512946
4,5877.530934796049
