bin_lcoe,km2
0,321.6988750694398
1,206.84107771108017
2,450.699227512171
3,641.6974573754859
4,103.67591029033038
