bin_lcoe,km2
0,8667.966532023858
1,7318.5364330301845
2,1498.836918007797
3,1598.2687588781287
4,472.7377719702408
