bin_lcoe,km2
0,889.8904678080219
1,1309.8123625993417
2,1038.6750197631382
3,381.48160848475044
4,197.5011507376854
