bin_lcoe,km2
0,23822.566397931812
1,34589.76316834487
2,42679.99043422618
3,22179.025211380245
4,9065.845415902351
