bin_lcoe,km2
0,21340.482859645585
1,26509.73327246127
2,25749.51093521822
3,18542.919317134623
4,7027.7599681846505
