bin_lcoe,km2
0,55955.55832363147
1,92522.80730362475
2,40011.85804674817
3,22329.747485280845
4,2996.212617375006
