bin_lcoe,km2
0,14791.025327216297
1,23741.41618811524
2,25012.10580419314
3,22864.28385978226
4,3908.9707738079433
