bin_lcoe,km2
0,73600.39045303107
1,72557.74619498933
2,62956.94381879226
3,44240.617154842876
4,19417.598632315585
