bin_lcoe,km2
0,7366.878609317343
1,5654.517929034729
2,4654.61911902143
3,2480.0162141611618
4,1235.5742092535672
