bin_lcoe,km2
0,2992.922783984045
1,3747.2282318125554
2,931.9799643749775
3,376.67765990893025
4,24.89396784143573
