bin_lcoe,km2
0,55103.52331218661
1,62958.65137241945
2,40896.683915519374
3,10789.477106193634
4,6896.2185836067865
