bin_lcoe,km2
0,12197.33290741335
1,19189.341578228767
2,26093.462348691442
3,24838.76020106201
4,13079.384475842005
