bin_lcoe,km2
0,27542.11980119505
1,33917.49753387622
2,44937.245286538106
3,39220.13615900298
4,12509.086973119063
