bin_lcoe,km2
0,43610.76411293413
1,68016.91881237786
2,35474.338355597254
3,21161.264375687726
4,7593.197600378237
