bin_lcoe,km2
0,36986.03168765066
1,34633.38481621875
2,25863.173872812928
3,14926.763375843679
4,2628.2141044643167
