bin_lcoe,km2
0,9159.161741765225
1,24442.966980833953
2,30425.01398031391
3,20124.64924007403
4,2905.4012163984776
