bin_lcoe,km2
0,10156.392090882231
1,30507.29535401059
2,42285.465559686105
3,19505.89525396148
4,7922.689400304469
