bin_lcoe,km2
0,11636.309291429505
1,29299.02372848617
2,31397.692355015246
3,16047.906879693386
4,4063.2669830365285
