bin_lcoe,km2
0,25637.29274977746
1,48514.56028120977
2,36075.629506269586
3,18567.20160978343
4,6033.694470045465
