bin_lcoe,km2
0,21334.381133760136
1,20215.42161287051
2,16448.658765250344
3,12516.0910465647
4,6986.034607571108
