bin_lcoe,km2
0,1563.5819092465129
1,3001.7312837396466
2,2821.077525904548
3,2848.0588338216467
4,405.44979529079603
