bin_lcoe,km2
0,5913.759246586265
1,6382.984685743578
2,3554.2211731483467
3,2116.0400681947735
4,1531.1147655025384
