bin_lcoe,km2
0,39779.61414737917
1,49604.684451779394
2,49408.698654672844
3,33663.48046607478
4,13376.637794040527
