bin_lcoe,km2
0,151906.36943496903
1,219691.40707427857
2,112676.43187667789
3,32752.376561144545
4,9438.485256889919
