bin_lcoe,km2
0,164366.1417214145
1,143584.73589448363
2,72642.75530669026
3,19366.395389860536
4,2699.2436759260086
