bin_lcoe,km2
0,116860.69045373538
1,59614.23744597853
2,24752.391964843824
3,8421.628749640462
4,2844.555856191637
