bin_lcoe,km2
0,61286.87814162951
1,139349.208974527
2,101222.99681928012
3,35257.35172423519
4,6834.630843925052
