bin_lcoe,km2
0,4617.931458611318
1,20908.535850442306
2,34369.8510790006
3,25286.235947266417
4,9497.163201306485
