bin_lcoe,km2
0,318784.13973177766
1,353364.21246058634
2,210639.53162052328
3,83409.71065729228
4,20137.712796357024
