bin_lcoe,km2
0,262115.19625823337
1,214966.6330444977
2,127064.63672773419
3,36443.43023120684
4,8077.200817926377
