bin_lcoe,km2
0,82382.85421338574
1,93422.53111934292
2,50817.64642081258
3,22102.80957354714
4,5710.398202190389
