bin_lcoe,km2
0,529755.5052766174
1,415364.68736742856
2,294959.66720273474
3,157936.57966128032
4,34616.71836021913
