bin_lcoe,km2
0,304282.6623159921
1,301673.97899078386
2,220918.96407232032
3,76957.12701907817
4,17336.94380875145
