bin_lcoe,km2
0,159078.37352202553
1,183672.49232526828
2,102136.84760191871
3,40145.89822669758
4,11855.504700097368
