bin_lcoe,km2
0,523008.32296053483
1,420141.78531606763
2,297942.1411381944
3,157705.52420727586
4,33835.38424620781
