bin_lcoe,km2
0,59277.12722599608
1,142136.72872899153
2,101836.5025736627
3,34023.55091945823
4,6677.157055488404
