bin_lcoe,km2
0,242144.0579126696
1,203927.15950075668
2,148436.65214073425
3,45379.76483130957
4,8779.462694127045
