bin_lcoe,km2
0,116440.82967752377
1,59564.14807932047
2,24929.3489978854
3,8678.428020233596
4,2880.749695426671
