bin_lcoe,km2
0,317435.5711448068
1,360119.7389907826
2,209454.46407576982
3,80186.3550069364
4,19139.178048241665
