bin_lcoe,km2
0,150293.37362732177
1,220848.9875650333
2,112695.08272521826
3,33204.338065656935
4,9423.28822072964
