bin_lcoe,km2
0,157093.02802733815
1,184674.28392507316
2,102447.52247632878
3,41156.06899929073
4,11518.212947976463
