bin_lcoe,km2
0,300960.8118540652
1,308449.60088414385
2,221591.9095337409
3,73362.6818473788
4,16804.67208759734
