bin_lcoe,km2
0,81044.70730590199
1,93741.24992736301
2,52340.54783113964
3,21812.257573362625
4,5497.476891511681
