bin_lcoe,km2
0,4744.324191955263
1,21425.00770364625
2,33115.93824169843
3,25640.676855517024
4,9753.77054381012
