bin_lcoe,km2
0,163781.66678314793
1,145351.1654652213
2,71422.42366882467
3,19291.0870805323
4,2812.9289906486456
