bin_lcoe,km2
0,92643.95696762648
1,90746.40798950271
2,46467.771195121364
3,20026.925034442927
4,4551.178342585181
