bin_lcoe,km2
0,65286.90343674912
1,145337.64594160742
2,96032.89414766015
3,31004.20965114561
4,6289.413326434819
