bin_lcoe,km2
0,133533.3623440868
1,54989.65615092611
2,18037.09305068731
3,4828.931175227117
4,1104.4617494618599
