bin_lcoe,km2
0,158073.66454649557
1,222937.69679425887
2,105915.51812025125
3,30478.04654764505
4,9060.14419530988
