bin_lcoe,km2
0,271520.35445451626
1,211496.2449479393
2,122458.88909960685
3,35293.24332394944
4,7898.365253586382
