bin_lcoe,km2
0,328993.28262341843
1,353753.5233621007
2,205367.53048984456
3,79572.22527428024
4,18648.74551689253
