bin_lcoe,km2
0,544066.3382428024
1,412990.1033533906
2,290856.9378446032
3,152790.2000347055
4,31929.5783927811
