bin_lcoe,km2
0,171609.50201376944
1,143138.28593385604
2,68125.0322683811
3,17404.771821938637
4,2381.679950429972
