bin_lcoe,km2
0,309029.903248267
1,302071.7161587536
2,220727.12806258694
3,72676.13406243882
4,16664.794674879937
