bin_lcoe,km2
0,4920.625090909126
1,23465.40709241978
2,34281.194530194494
3,23646.698933372114
4,8365.79188973166
