bin_lcoe,km2
0,165983.1499748034
1,183178.4191478092
2,98078.2605181232
3,38570.26005400898
4,11079.026681262432
