bin_lcoe,km2
0,88808.29228160444
1,93181.54403112734
2,48125.69355348156
3,20764.15980610102
4,3556.5498569643405
