bin_lcoe,km2
0,315600.50712508074
1,351001.84998453024
2,215077.68819857264
3,84518.4433677441
4,20136.818590609368
