bin_lcoe,km2
0,538300.6720660521
1,411143.1492410042
2,292690.9891174867
3,154559.76653148467
4,35938.58091225465
