bin_lcoe,km2
0,109020.35629843634
1,62222.14599387613
2,28475.77747610418
3,10039.007939285857
4,2736.216762687405
