bin_lcoe,km2
0,297843.33250993106
1,284985.9180543888
2,221715.32142763448
3,96594.89725642151
4,20030.206958549526
