bin_lcoe,km2
0,4713.575316368537
1,21135.695558610467
2,34578.89534619889
3,24969.61365710206
4,9281.937658347208
