bin_lcoe,km2
0,154810.84863075247
1,216708.9308169586
2,113752.73781792371
3,32058.556104372306
4,9133.996833953259
