bin_lcoe,km2
0,163143.26082782133
1,139782.4399041356
2,75012.67488289939
3,21292.673031125392
4,3428.223342393184
