bin_lcoe,km2
0,64471.27079876473
1,140875.62710102397
2,95278.41938751555
3,36344.21043860635
4,6981.538777686719
