bin_lcoe,km2
0,160514.35533582093
1,181286.70067024525
2,103399.33953473704
3,40017.62345440519
4,11671.097380799087
